func_name,func_id
C_GMCL_SHOW_LOGIN_LOCK_DIFFER_PROTO_VERSION_HASH,0xcdda000
C_GMCL_ACCOUNT_LOGIN_REQ,0x740a055c
C_GMCL_ACCOUNT_FORCE_LOGIN_REQ,0x6a766f16
C_GMCL_CHAR_LOGIN_REQ,0x24f8b2ea
C_GMCL_CHAR_LOGOUT_REQ,0x36293135
C_GMCL_ACCOUNT_ZONEIN_REQ,0xdbb02d32
C_GMCL_ACCOUNT_REAUTH_REQ,0xd3bf8ddf
C_GMCL_CHAR_CREATE_REQ,0x1e6bde29
C_GMCL_CHAR_NAME_CHECK_REQ,0xc14d5c97
C_GMCL_CHAR_MODIFY_REQ,0x4966dc56
C_GMCL_CHAT_SEND_REQ,0x6f355631
C_GMCL_GET_FAVORITE_STAMPS_REQ,0x76d2d5fc
C_GMCL_MODIFY_FAVORITE_STAMPS_REQ,0x18d7bc8b
C_GMCL_STAMP_SEND_REQ,0xde8199c7
C_GMCL_SET_NAME_PREFIX,0x4dd2c664
C_GMCL_UPDATE_CHAT_GROUP_ATTRIBUTES,0x656fc6ac
C_GMCL_CHAT_GROUP_KICK_REQ,0x855add0c
C_GMCL_CHAT_GROUP_PIN_NOTIFY_REQ,0xadd48a94
C_GMCL_WORLD_CHAT_LIMIT_REQ,0xd3d900ec
C_GMCL_WORLD_CHAT_FREE_REQ,0x1da49839
C_GMCL_TELOP_SYNC_REQ,0x640dedd
C_GMCL_ACTIVE_ENEMY_TARGET,0x2d46145
C_GMCL_CHANGE_OBJECT_STATE_REQ,0x1ec76ca1
C_GMCL_CHAR_PROFILE_UPDATE,0xaf169211
C_GMCL_CHANGE_EVENT_FLAG,0xd6f1782
C_GMCL_CHANGE_RCB_EVENT_FLAG,0xea6fb273
C_GMCL_CHAR_MOVE_REQ,0x7d8ff367
C_GMCL_CHAR_TALK_REQ,0x53393da6
C_GMCL_CLAN_ROOM_INTERIOR_TALK_REQ,0xa4fe609a
C_GMCL_CHAR_TURN_REQ,0x319469e0
C_GMCL_FIELD_SELECT_REQ,0x1001c0c8
C_GMCL_FIELD_INFO_REQ,0x5789022a
C_GMCL_ZONEIN_REQ,0x8634bc61
C_GMCL_RELOAD_FIELD_REQ,0x9bed4b5c
C_GMCL_GET_AREA_DROP_ITEM_INFO,0x858dde81
C_GMCL_GET_FIELD_GIMMICK_BATTLE_TOKEN_INFO,0x5727bcf1
C_GMCL_PVP_ITEM_INFO,0xe19e9813
C_GMCL_GET_IMAGINARY_ITEMS,0x861becaf
C_GMCL_GET_IMAGINARY_ITEMS_AT,0xb74f34e1
C_GMCL_GET_IMAGINARY_SIXTH_SENSE_MEDALS,0x8864ff58
C_GMCL_LOT_CORE,0xd9b0038f
C_GMCL_GET_CORE_CANDIDATES,0xe4c99c18
C_GMCL_MOVE_TO_GARAGE,0x52c88363
C_GMCL_MOVE_TO_ACCOMPLISHED_ITEM_GARAGE,0x56e9a458
C_GMCL_MOVE_FROM_GARAGE,0xdfc89435
C_GMCL_MOVE_FROM_ACCOMPLISHED_ITEM_GARAGE,0x49f15324
C_GMCL_SYNC_GARAGE_CREATE_SNAPSHOT,0xfb6e718e
C_GMCL_SYNC_GARAGE_FETCH_SNAPSHOT,0x9bfbceb
C_GMCL_SYNC_GARAGE_DELETE_SNAPSHOT,0xe783d9af
C_GMCL_SYNC_ACCOMPLISHED_ITEM_GARAGE_CREATE_SNAPSHOT,0xdf3b449d
C_GMCL_SYNC_ACCOMPLISHED_ITEM_GARAGE_FETCH_SNAPSHOT,0xe8290918
C_GMCL_SYNC_ACCOMPLISHED_ITEM_GARAGE_DELETE_SNAPSHOT,0xc3d6ecbc
C_GMCL_GET_MASKED_SIXTH_SENSE,0x3ac088dc
C_GMCL_GET_AVAILABLE_SIXTH_SENSES,0x91bde2a9
C_GMCL_CHANGE_EQUIPPED_SIXTH_SENSES,0x637f3b0a
C_GMCL_GET_SIXTH_SENSE_STATUS,0x8d4c7d8b
C_GMCL_GET_MULTIPLE_SIXTH_SENSE_STATUS,0xfaf6fbb1
C_GMCL_GET_FAVORITE_SIXTH_SENSE_REQ,0xf2c4184a
C_GMCL_MODIFY_FAVORITE_SIXTH_SENSE_REQ,0x2ad18de
C_GMCL_SKILL_DETAIL_REQ,0x67681e3b
C_GMCL_SKILL_SUB_TYPE_REQ,0x42eeb26c
C_GMCL_ITEM_MULTIPLE_PROTECT_REQ,0x4d119ac6
C_GMCL_PROTECT_ITEM,0x4995d6e8
C_GMCL_GET_MASTER_LEVEL_CAP_RELEASE_MATERIALS,0xc5c14609
C_GMCL_RELEASE_MASTER_LEVEL_CAP,0x2e35b133
C_GMCL_COMMUNITY_QUEST_WARP_REQ,0xec882e2
C_GMCL_PARTY_LEAVE_REQ,0xff3f2866
C_GMCL_PARTY_DISSOLVE_REQ,0x7f189209
C_GMCL_PARTY_CHANGE_MEMBER_MAX_NUM_REQ,0xd51cc1c2
C_GMCL_FRIEND_ADD_REQ,0x3533fc6d
C_GMCL_FRIEND_LIST_ADD_REQ,0x1265f4f
C_GMCL_FRIEND_DELETE_REQ,0x9152fd13
C_GMCL_FAVORITE_FRIEND_REGISTER_REQ,0x7f0f6ab5
C_GMCL_FAVORITE_FRIEND_UNREGISTER_REQ,0xcdaad95c
C_GMCL_QUEST_ENCHANT_ADD_REQ,0x7aa850cd
C_GMCL_QUEST_ACCEPT_WARNING_CHECK,0xeb25cea
C_GMCL_QUEST_ACCEPT_REQ,0x9904e45d
C_GMCL_QUEST_ACCEPT_CONDITION_CHECK,0xd5ee3116
C_GMCL_QUEST_READY,0x1acb9ad4
C_GMCL_QUEST_NEXT_STATE_REQ,0x111cd41c
C_GMCL_QUEST_RETRY_STATE_CHANGE_REQ,0x9e969b4e
C_GMCL_QUEST_RETIRE_REQ,0x8711ea43
C_GMCL_QUEST_TROPHY_INFO_REQ,0x11367944
C_GMCL_QUEST_TROPHY_COLLECT_REQ,0xe778eebd
C_GMCL_QUEST_START_VOYAGE,0xc444ac5c
C_GMCL_QUEST_SRC_SET,0x1db46367
C_GMCL_QUEST_CATEGORY_REWARD_REFERENCE_POINT,0x8c8e1215
C_GMCL_QUEST_GET_LOT_INFO_LIST,0xef84ed9
C_GMCL_QUEST_GET_HISTORY_DATA,0xd0f2698a
C_GMCL_RECOMMENDED_QUEST_LIST_2,0xcf22613a
C_GMCL_OPTION_UPDATED,0xcb3869b6
C_GMCL_SELL_ITEM_REQ,0xf1755535
C_GMCL_SELL_ITEM2,0x8d17ea13
C_GMCL_BLACKLIST_APPEND_REQ,0xa9fc0f5
C_GMCL_BLACKLIST_DELETE_REQ,0xbed820a6
C_GMCL_PAYMENT_POINT_UPDATE,0x1d57270e
C_GMCL_PAYMENT_HEAL_ENERGY_POINT_INFO_REQ,0x181ec11e
C_GMCL_PAYMENT_USE_HEAL_ENERGY_POINT_REQ,0xc8012b7d
C_GMCL_PAYMENT_EXPAND_INVENTORY_INFO_REQ,0x7392d7f3
C_GMCL_PAYMENT_EXPAND_INVENTORY_REQ,0x45615804
C_GMCL_PAYMENT_CHAR_MODIFY_REQ,0x3d0f8db0
C_GMCL_GACHA_LIST_REQ,0xe0242846
C_GMCL_GACHA_BUY_REQ,0x50b0cdd8
C_GMCL_SKIP_GACHA_CONFIRM_WINDOW_REQ,0xa95ff6d7
C_GMCL_NOTIFY_GACHA_EXP_REWARDS,0x70678290
C_GMCL_APPEAL_GACHA_LIST_REQ,0x10cf1109
C_GMCL_BOX_GACHA_ITEM_LIST_REQ,0x876db844
C_GMCL_RESET_BOX_GACHA,0x3c1ab8d0
C_GMCL_STEP_BOX_GACHA,0xb36d2099
C_GMCL_EMOTION_REQUEST,0x47e3cd80
C_GMCL_LOGRES_GAUGE_REQ,0xf678a34a
C_GMCL_GIFT_PAGE_REQ,0x7dbd3ec3
C_GMCL_GIFT_MULTIPLE_ACCEPT_REQ,0x387b9942
C_GMCL_GIFT_MULTIPLE_SELL_REQ,0x56a7f105
C_GMCL_GIFT_CACHE_CLEAR_REQ,0xf4317c24
C_GMCL_GIFT_HISTORY_PAGE_REQ,0x231bccff
C_GMCL_GET_COORDINATE_LIST,0x904a6258
C_GMCL_SAVE_COORDINATE,0xa632104e
C_GMCL_CHANGE_COORDINATE,0xc90d25a0
C_GMCL_APP_REVIEW_POST_REQ,0xdf99ec80
C_GMCL_GET_PARTY_INVOLVE_BATTLE_RANGE_REQ,0x1e4988de
C_GMCL_BATTLE_ENTRY_REQ,0xfdff67d2
C_GMCL_PVP_BATTLE_ENTRY_REQ,0x5db784d2
C_GMCL_BATTLE_BOUT_INITIALIZE_COMPLETE,0x6992ea37
C_GMCL_BATTLE_PLAY_EVENT_END,0xcc669dab
C_GMCL_SPECVALUE_SETTING_REQ,0x8885c37f
C_GMCL_BATTLE_TOKEN_DETAIL,0x85639654
C_GMCL_BATTLE_SELECTED_ADDITIONAL_SKILL_CHANGE_REQ,0xa2a12c97
C_GMCL_BATTLE_USE_SKILL_REQ,0xd6d29a83
C_GMCL_BATTLE_USE_ESCAPE_SKILL_REQ,0x1809bf78
C_GMCL_BATTLE_USE_CONTINUE_SKILL_REQ,0x3566a6d2
C_GMCL_BATTLE_USE_GIVE_UP_REQ,0x16aca1d5
C_GMCL_BATTLE_STALEMATE_REQ,0xb6207b24
C_GMCL_BATTLE_CHANGE_USE_SKILL_MODE_REQ,0x158044d2
C_GMCL_LOAD_FAVORITES,0xe4e98d59
C_GMCL_STORE_SET_IN_FAVORITES,0xbcc1b08f
C_GMCL_STORE_FAVORITE_SET_NAME,0xe23214a7
C_GMCL_REMOVE_SET_IN_FAVORITES,0xeb8e5574
C_GMCL_EQUIP_SET_IN_FAVORITES,0x2edbb1a9
C_GMCL_SORT_FAVORITES,0x1bffe04
C_GMCL_SORT_PVP_FAVORITES,0x7d379b4d
C_GMCL_STORE_PVP_EQUIPMENTS,0x8d040013
C_GMCL_STORE_PVP_FAVORITE_SET_NAME,0x79e12140
C_GMCL_GET_PVP_EQUIPMENTS,0xe405dd61
C_GMCL_FILL_PVP_EQUIPMENTS,0x71d4aac6
C_GMCL_PAYMENT_EXPAND_FAVORITES,0xc661e8df
C_GMCL_STORE_WEAPON_ORDER,0x1513f1d0
C_GMCL_STORE_ADDITIONAL_WEAPON_ORDER,0xbcad0a7c
C_GMCL_ESTIMATE_FUSION_RESULT,0x1fc586eb
C_GMCL_FUSION,0xef8e3043
C_GMCL_ESTIMATE_DERIVE_RESULT,0xef06e9e0
C_GMCL_DERIVE,0x76c8113f
C_GMCL_WRITEBACK_FUSION_RESULT,0xb6e0a907
C_GMCL_ABANDON_FUSION_RESULT,0xe4f410b4
C_GMCL_AUX_EQUIPMENT_EFFECT_RATIO,0x3264bb68
C_GMCL_CREATE_CHATGROUP,0xc429307
C_GMCL_LEAVE_CHATGROUP,0xefb7103
C_GMCL_INVITE_TO_CHAT_GROUP,0x7e055ae
C_GMCL_WARP_TIPS_MESSAGE_REQ,0x208e6ffa
C_GMCL_POST_DIALOG_ANSWER,0xbaa19057
C_GMCL_INVITE_TO_PARTY,0x250538fa
C_GMCL_APPLY_TO_PARTY,0x2d5963ac
C_GMCL_GET_IN_APP_PURCHASE_AGE_CATEGORY,0xd381eded
C_GMCL_REGISTER_BIRTH_DATE,0xaae28046
C_GMCL_IN_APP_PURCHASE_RESERVATION,0x6e4b62ee
C_GMCL_IN_APP_PURCHASE_COMPLETE,0x7d7a2c79
C_GMCL_IN_APP_PURCHASE_RECOVERY,0xcc5e6f93
C_GMCL_SUBMIT_CHAR_LOCATION,0x629c07ff
C_GMCL_SEARCH_LOCATION_BONUS,0x9deed581
C_GMCL_PUSH_NOTIFICATION_REGISTER_DEVICE,0xecd492f3
C_GMCL_PUSH_NOTIFICATION_UPDATE_OPTIONS,0x91c6300b
C_GMCL_CONFIRM_WARNING,0x29c652fd
C_GMCL_COLLABO_FFRK_REWARD_REQ,0x97c7d4d9
C_GMCL_COLLABO_TLGD_REWARD_REQ,0x72a8aa24
C_GMCL_COLLABO_UNISON_REWARD_REQ,0xc7d728e1
C_GMCL_COLLABO_ELEST_REWARD_REQ,0x84f8534c
C_GMCL_WEATHER_DETAIL,0xe3bdea0b
C_GMCL_GET_ALT_MONEY,0x9836b5df
C_GMCL_ALT_MONEY,0x68a72cae
C_GMCL_ALT_MONEY2,0x2bd397ce
C_GMCL_MODIFY_ALT_MONEY,0x38edad6c
C_GMCL_GET_AVAILABLE_SPACE_OF_ALT_MONEY,0x901d03c7
C_GMCL_HAS_ENOUGH_SPACE_TO_RECEIVE_ALT_MONEY,0xea529953
C_GMCL_HAS_ENOUGH_SPACE_TO_RECEIVE_ALT_MONEY2,0xe85decda
C_GMCL_ALT_MONEY_CONFIG,0x862efe6d
C_GMCL_REDUCED_UNIFIED_ITEM_INFO,0x1a480376
C_GMCL_CLAN_CREATE_CLAN_REQ,0x9b323ccf
C_GMCL_CLAN_LEAVE_CLAN_REQ,0xaf8bf00d
C_GMCL_INVITE_TO_CLAN,0xb379f907
C_GMCL_APPLY_TO_CLAN,0x821f824a
C_GMCL_MODIFY_CLAN,0x7934f31f
C_GMCL_KICK_FROM_CLAN,0x91caa303
C_GMCL_JOIN_TO_ANY_CLAN,0x2c2b7bc0
C_GMCL_SWITCH_CLAN_MASTER,0xfe1fd349
C_GMCL_UPDATE_CLAN_SUB_MASTER,0x895c0e02
C_GMCL_DECLARE_HIRABLE_TO_CLAN,0x804a624b
C_GMCL_DECLARE_UNHIRABLE_TO_CLAN,0x92cea2da
C_GMCL_GET_CLAN_MISSION_CATEGORIES,0xaab2f58e
C_GMCL_GET_ACTIVE_CLAN_MISSIONS,0x74e55b95
C_GMCL_SET_CLAN_INVITATION_APPEAL,0x9641ef77
C_GMCL_GET_CLAN_INVITATION_APPEAL,0x168722d1
C_GMCL_SEND_CLAN_INVITATION_MESSAGE,0x801b28f5
C_GMCL_RECEIVE_MAIL,0x671ad1cd
C_GMCL_GET_MAIL_BOX_UPDATED_DATE,0xdaa27c52
C_GMCL_COUNT_MAIL,0xb752615b
C_GMCL_ERASE_MAIL,0xd1b1a7db
C_GMCL_MARK_MAIL_AS_READ,0x3843793b
C_GMCL_ERASE_MAIL2,0xb0504f6
C_GMCL_MARK_MAIL_AS_READ2,0xabe61450
C_GMCL_RECEIVE_CLAN_INVITATION_MESSAGE,0xb7a2fa69
C_GMCL_GET_EVOLUTION_GRAPH,0xe334656a
C_GMCL_GET_PARTIAL_EVOLUTION_GRAPH,0x4d8739
C_GMCL_GET_HIGH_RARITY_ITEMS,0x40bf8dd1
C_GMCL_GET_GOD_EVO_ITEMS,0xabdedac6
C_GMCL_RECEIVE_BUNDLED_ALT_MONEY,0xb41f654
C_GMCL_NOTIFY_ALT_MONEY_ABOUT_TO_EXPIRE,0x5865e0be
C_GMCL_RECEIVE_IMPROVE_REWARD,0xf508cca5
C_GMCL_RECEIVE_FASHION_SHOW_RESULT_NOTIFY,0x473acbe6
C_GMCL_SEND_START_EVENTPOINT_REWARD_LIST_REQ,0x29cf3e48
C_GMCL_CHECK_EVENTPOINT_EXCHANGE_REQ,0xb9c3e4e0
C_GMCL_GET_EVENTPOINT_REQ,0xcd8e43a
C_GMCL_GET_EVENTPOINT_LIMIT_REQ,0x38aefbd4
C_GMCL_EVENTPOINT_EXCHANGE_REQ,0x6ac9e9ee
C_GMCL_GET_EVENT_MATERIAL_INFO_REQ,0x85567c71
C_GMCL_GET_EVENTINFO_REQ,0xa8a08cd4
C_GMCL_GET_EVENTPOINT_ACCUMULATION_REWARD_LIST_REQ,0x76925d5a
C_GMCL_GET_EVENTPOINT_LINEUP_REQ,0x8a66a547
C_GMCL_GET_EVENT_MEDAL_CONVERT_INFO_REQ,0x5576ee51
C_GMCL_GET_EVENT_GAUGE_LIMIT_LIST_REQ,0xc20cd3ea
C_GMCL_GET_EXCHANGE_ITEM_GROUP,0x2f9c59b3
C_GMCL_ITEM_ADDON_FUSION,0x19113717
C_GMCL_CLAN_BOARD_CHECK_AVAILABLE,0x94655cf2
C_GMCL_CLAN_BOARD_GET_NEW_POST_TIME,0x77bb760c
C_GMCL_CLAN_BOARD_GET_NEW_SUBJECTS,0xcaf985ad
C_GMCL_CLAN_BOARD_CREATE_REACTION,0x6c306107
C_GMCL_CLAN_BOARD_DELETE_REACTION,0x70ddc926
C_GMCL_CLAN_BOARD_UPDATE_PIN,0xbd095c60
C_GMCL_CLAN_BOARD_CREATE_SUBJECT,0xcbf94e68
C_GMCL_CLAN_BOARD_DELETE_SUBJECT,0x4a300d39
C_GMCL_CLAN_BOARD_CREATE_COMMENT,0xa443227e
C_GMCL_CLAN_BOARD_DELETE_COMMENT,0x258a612f
C_GMCL_CLAN_BOARD_POSTRESTRICTION_NOTIFICATION,0xefde8675
C_GMCL_POST_STAMP_AS_CLAN_BOARD_COMMENT,0xd3314a16
C_GMCL_SET_FAVORITE_CLAN_BOARD_SUBJECT,0xf4ca7357
C_GMCL_CLAN_RANK_GET_CONDITION_REQ,0xef231531
C_GMCL_CLAN_RANK_GET_REWARD_REQ,0x7a49f04
C_GMCL_IS_OPEN_CLAN_RANK_SEASON_REQ,0x9451ed57
C_GMCL_CLAN_JOIN_TIME_REQ,0x4be52beb
C_GMCL_CLAN_SHOP_GET_ITEM_REQ,0x5001f045
C_GMCL_CLAN_SHOP_ITEM_BUY_REQ,0xb47e1af0
C_GMCL_GET_CLAN_ROOM_ITEM_LIST_REQ,0x38f81b8b
C_GMCL_GEM_SHOP_PRODUCT_LIST_REQ,0xa36f34ed
C_GMCL_GEM_SHOP_BUY_REQ,0xff0cb28d
C_GMCL_GET_ITEM_SPECIFIC_ANTIBUFF,0x503ace68
C_GMCL_GEM_SHOP_SHORTCUT_REQ,0x15b81736
C_GMCL_TOTAL_PURCHASE_BONUS_INFO,0x79bada63
C_GMCL_AVACOLLE_LIST_REQ,0xef3d0070
C_GMCL_AVACOLLE_BY_ID_LIST_REQ,0x4a295404
C_GMCL_AVACOLLE_CONFIRM_REQ,0x24d45fb7
C_GMCL_AVACOLLE_INITIALIZE_REQ,0xa151f312
C_GMCL_AVACOLLE_FAVORITE_REQ,0x466cd48a
C_GMCL_SEND_START_AVATAR_ITEM_SHOP_PRODUCTS_REQ,0xd5f6878b
C_GMCL_AVATAR_ITEM_SHOP_BUY_REQ,0xe1d77b6f
C_GMCL_AVATAR_ITEM_SHOP_IS_OPEN,0x645cb72c
C_GMCL_COORDINATE_FEEL_GOOD_REQ,0x76c0286c
C_GMCL_FASHION_SHOW_GET_BASIC_INFO,0x32efefb1
C_GMCL_FASHION_SHOW_ENTRY,0x5caac4d
C_GMCL_FASHION_SHOW_GET_JUDGE_TARGETS,0x90e24111
C_GMCL_FASHION_SHOW_VOTE,0x52c3939
C_GMCL_FASHIONSHOW_REWARD_LIST,0x997c6cf6
C_GMCL_GET_DIFFMAP_BATTLEBOOST,0x28a32051
C_GMCL_GET_BATTLEBOOST_DIFFENCHANTNAME,0xfdcd04ce
C_GMCL_GET_BATTLE_BOOST_LEVEL_REQ,0x3308aea6
C_GMCL_GET_BATTLEBOOST_SIMPLE_LIST_REQ,0xc330354d
C_GMCL_MARK_READ_BATTLEBOOST_LEVEL_UP,0x29628df0
C_GMCL_USE_COUPON,0x242a52fc
C_GMCL_USE_COUPON_MULTIPLE,0x7d7541ef
C_GMCL_OPEN_ATEKUJI,0x3a338c01
C_GMCL_GET_COUPON_INFO,0x93ced246
C_GMCL_GET_COUPON_REWARD_INFO,0x810f2d90
C_GMCL_GET_COUPON_PICKUP_INFO,0xfe530569
C_GMCL_DISABLE_EAST_WEST_TEAM_DIALOG,0x3d4b4bb9
C_GMCL_BUY_CLAN_SKILL,0x6ef9cc6
C_GMCL_GET_CLAN_PRIVILEGE,0x62c6a3bc
C_GMCL_SET_CLAN_PRIVILEGE,0x47cd28a2
C_GMCL_GET_CLAN_SKILL,0xa8e4559f
C_GMCL_SET_PERSISTENT_CLAN_SKILL_LEVEL,0xb37d1e5c
C_GMCL_SET_MULTIPLE_PERSISTENT_CLAN_SKILL_LEVEL,0xfe939baf
C_GMCL_FAVORITE_ACTIVITY,0xd423aebf
C_GMCL_GET_FAVORITE_ACTIVITY,0x508799e5
C_GMCL_GET_NEXT_CLAN_LEVEL_TO_STEP_SKILL_LEVEL,0xca1936ae
C_GMCL_GET_MAX_CLAN_SKILL_LEVEL,0xf7206454
C_GMCL_GET_CONTENT_MASK,0xcba81cee
C_GMCL_GET_CONTENT_SCHEDULE,0x644476f4
C_GMCL_CREATE_PARTY_RECRUITMENT,0x633e201b
C_GMCL_CANCEL_PARTY_RECRUITMENT,0x2bb418e9
C_GMCL_GET_PARTY_RECRUITMENT_BY_CUID,0x90efc87b
C_GMCL_GET_PARTY_RECRUITMENT_BY_QUEST_UID,0x17e3246c
C_GMCL_GET_PARTY_RECRUITMENT_BY_PARTY_UID,0xbf8559b7
C_GMCL_GET_PARTY_RECRUITMENT_QUEST_BOARD_TAB,0x4fef2d63
C_GMCL_GET_PARTY_MEMBERS,0x18f966a2
C_GMCL_GET_ITEM_GROUP,0x2e8191ea
C_GMCL_GET_BATTLE_BOARD_TAB_INFO_REQ,0xb7d6789
C_GMCL_GET_BATTLE_CARD_LIST_REQ,0x14e6c197
C_GMCL_ACCEPT_BATTLE_CARD_REQ,0x76419a
C_GMCL_GET_BATTLE_BOARD_POINT_REQ,0x8c4847b8
C_GMCL_GET_BATTLE_BOARD_POINT_REWARD_LIST_REQ,0x6f1ff39e
C_GMCL_RECEIVE_BATTLE_BOARD_POINT_REWARD_REQ,0x17798ac5
C_GMCL_RCB_CREATE,0x8b9add14
C_GMCL_RCB_ENTER,0x2e6b3ac8
C_GMCL_RCB_LEAVE,0xcab7a76
C_GMCL_UPDATE_RCB_GROUP_GPS,0xa05f994c
C_GMCL_UPDATE_RCB_RENTAL_ITEM,0xec82cc7d
C_GMCL_EXEC_SCRIPT_REQ,0x12b2a019
C_GMCL_USE_LOT_BOX,0x81154933
C_GMCL_RESET_LOT_BOX,0xd236c664
C_GMCL_STEP_UP_LOT_BOX,0x19a23210
C_GMCL_GET_LOT_BOX,0xe68493a4
C_GMCL_GET_BINGO_INFO,0x4b8fa435
C_GMCL_GET_ITEM_GROUP_FILTERS,0xc3c86ad3
C_GMCL_SET_ITEM_ADDON,0xeddaf727
C_GMCL_GET_ITEM_ADDON_DETAIL,0x9b0d996f
C_GMCL_GET_EXP_TABLE,0x889263b3
C_GMCL_GET_EVOLVE_A3V2_PARAMS,0x61ac8d8f
C_GMCL_GET_SKILL_GROUP,0x96fcc2d8
C_GMCL_GET_ALL_SKILL_GROUP,0x5804f2c9
C_GMCL_GET_ALT_MONEY_EFFECTIVE_IN_THE_CONTINENT,0x75a374d7
C_GMCL_GET_STATUS_ATTRIBUTES_IN_THE_CONTINENT,0x95d347ec
C_GMCL_GROW_STATUS_ATTRIBUTE_ITEM,0xf7261749
C_GMCL_STATUS_ATTRIBUTE_REWARD_LIST_REQ,0xa3a096b6
C_GMCL_STATUS_ATTRIBUTE_REWARD_RECEIVE_REQ,0xb42815cd
C_GMCL_SLOT_GACHA_USE,0xaae666ea
C_GMCL_CLAN_TOTAL_QUEST_MISSION_POINT_REWARD_LIST_REQ,0x7b5f619c
C_GMCL_EXIT_CLAN_ROOM_REQ,0xe371bbe0
C_GMCL_GET_CLAN_ROOM,0x1208e26e
C_GMCL_BEGIN_CLAN_ROOM_EDIT,0x147dcd4
C_GMCL_WARP_TMP_CLAN_ROOM,0xd7585ef6
C_GMCL_END_CLAN_ROOM_EDIT,0x906f6346
C_GMCL_UPDATE_CLAN_ROOM_SET,0x750f1f09
C_GMCL_UPDATE_CLAN_ROOM_SET_NAME,0x69ed0c9f
C_GMCL_GET_CLAN_ROOM_SET,0x77270112
C_GMCL_GET_CLAN_PRIVATE_DELIVERY_CONTRIBUTION_REQ,0x7add520e
C_GMCL_GET_CLAN_DELIVERY_ITEM_INFO_LIST_REQ,0xbbc14ec7
C_GMCL_CLAN_DELIVERY_REQ,0x6df1ca4d
C_GMCL_ISSUE_ROOOT_TOKEN,0x36f957a0
C_GMCL_GET_HAVE_EMBLEMS,0x4cc31581
C_GMCL_GET_EMBLEM_SPECVALUES,0x6a7c2f48
C_GMCL_MOVE_TEMPORARY_EMBLEM_TO_INVENTORY,0x9e091a10
C_GMCL_SET_PROTECT_EMBLEM,0x72166b31
C_GMCL_SELL_EMBLEMS,0x6f07189d
C_GMCL_MARK_EMBLEMS_AS_READ,0x551e6d95
C_GMCL_GET_SKILL_LEVEL_UP_GROUP,0xafbbaa61
C_GMCL_MEGAMIKUJI_RESULT_SEND_AS_READ,0x4e23fd31
C_GMCL_GET_RAID_SRC_REQ,0xddce4890
C_GMCL_GET_RAID_REWARD_SRC_REQ,0x97bc2f31
C_GMCL_GET_RAID_ADD_REWARD_RECEIVED_COUNT_REQ,0x5f51c7b6
C_GMCL_GET_UNREAD_RAID_RESULT,0xb9f20ecd
C_GMCL_MARK_READ_RAID_RESULT,0xac3b1519
C_GMCL_NOTIFY_INFORMATION_RAID_MESSAGE_AS_READ,0xd318ff89
C_GMCL_RAID_QUEST_READY,0x16e8beb9
C_GMCL_RAID_QUEST_NEXT_STATE_REQ,0x489b3d39
C_GMCL_RAID_QUEST_EXTEND_RESULT_STATE_END_TIME,0x2f720fe4
C_GMCL_CAN_JOIN_RAID_MATCHING_REQ,0xdeed9790
C_GMCL_RAID_MATCHING_JOIN_REQ,0xb943692d
C_GMCL_RAID_MATCHING_LEAVE_REQ,0x5a450f7e
C_GMCL_RAID_MATCHING_OK_REQ,0x5b322bdd
C_GMCL_RAID_MATCHING_MISSING_JOB_REQ,0xd27618e
C_GMCL_RAID_MATCHING_STAMP_SEND_REQ,0x52ccca7
C_GMCL_GET_RAID_PENALTY_REQ,0x2957ccd3
C_GMCL_MARK_READ_RAID_PENALTY_WARNING_REQ,0xb0a71dc9
C_GMCL_MARK_READ_QUEST_BATTLE_NEGLECT_PENALTY_REQ,0xb74a3d5a
S_GMCL_SYNC_TIMER,0xd5a4d306
S_GMCL_CHAR_LIST,0xc2b72018
S_GMCL_CHAR_SETUP_FINISH,0xf1a25cc8
S_GMCL_LOCKED_SERVER_INFO,0xe9848146
S_GMCL_RECOVERY_IN_BATTLE,0xda084b2e
S_COMMUNICATION_PING_REQ,0xa78d721
S_COMMUNICATION_CONDITION,0xcd23154b
S_GMCL_FORCE_DISCONNECT,0xe3407be6
S_GMCL_CAN_EXEC_COMMAND,0xe8edfe42
S_GMCL_CHAT_CH_SEND_REP,0x145d8095
S_GMCL_API_KEY,0x6788fde1
S_GMCL_CHAT_INITIALIZE,0xa8a96f84
S_GMCL_UPDATE_STAMP_AVAILABILITY,0x121f4c0d
S_GMCL_CHAT,0xd006a4f
S_GMCL_STAMP,0xbe2834af
S_GMCL_ACTIVE_RESTRICTION_NOTIFICATION,0x87bd2d88
S_GMCL_EXPIRED_RESTRICTION_NOTIFICATION,0xc3685b84
S_GMCL_CHAT_GROUP_NOTIFY_MESSAGE,0xc87b6472
S_GMCL_TELOP_SYNC,0xd340d2b9
S_GMCL_PLAYER_APPEAR,0x9e753eb4
S_GMCL_NPC_APPEAR,0x1b1ec5ec
S_GMCL_ENEMY_APPEAR,0xfe718a65
S_GMCL_NOTIFY_ACTIVE_ENEMY_STATE,0xd063ca0b
S_GMCL_NOTIFY_ACTIVE_ENEMY_ENCHANT,0x1a255c0d
S_GMCL_FIELD_BATTLE_EFFECT_APPEAR,0x7b3388d6
S_GMCL_WARP_EFFECT_APPEAR,0xbe2f384f
S_GMCL_OBJECT_DISAPPEAR,0xd1ca5bfa
S_GMCL_OBJECT_PVP_INFO,0xb9491bc0
S_GMCL_OBJECT_PARAM,0xfeeb9b5e
S_GMCL_PLAYER_FIELD_NAME_UPDATE,0x8448b2e0
S_GMCL_CHAR_PROFILE,0x9eabcbb9
S_GMCL_FIELD_BATTLE_EFFECT_UPDATE,0x8f60c39c
S_GMCL_SYNC_EVENT_FLAGS,0x1b91ba91
S_GMCL_SYNC_RCB_EVENT_FLAGS,0xae94ccd9
S_GMCL_PVP_BATTLEPOINT,0xc8a1f98b
S_GMCL_CHAR_MOVE_REQ,0x9d495842
S_GMCL_CHAR_POS_MODIFY,0x774bd896
S_GMCL_SYNC_MOVE_VELOCITY,0x47005461
S_GMCL_WARP,0xbb281483
S_GMCL_AREA_ENTER,0x6dff0f05
S_GMCL_WARP_FINISH,0x3379d6a1
S_GMCL_NOTIFY_LAST_WARP,0x4b415fe8
S_GMCL_START_WARP_COUNT_DOWN,0xd049333
S_GMCL_CANCEL_WARP_COUNT_DOWN,0xf59c270a
S_GMCL_PLAY_FLASH,0x7543f0e
S_GMCL_PLAY_QUEST_TELOP,0xb1f6b094
S_GMCL_PVP_SELF_INFO,0x77f87f7c
S_GMCL_CLAN_PVP_SELF_INFO,0xe42aa59d
S_GMCL_CLAN_PVP_CLAN_INFO,0xda211f6a
S_GMCL_USE_PVP_TEAM_CHAT,0x56d483f5
S_GMCL_PVP_EXPECTED_GAIN_BATTLE_POINT,0x91fa8ee
S_GMCL_PVP_EXPECTED_GAIN_CLAN_POINT,0xc041e354
S_GMCL_VOYAGE_STAY_TIME,0xbb197f99
S_GMCL_PLAYER_BREAKING_NEWS,0x9ee7716b
S_GMCL_AREA_DROP_ITEM_RESET,0x7aee2bf9
S_GMCL_GET_AREA_DROP_ITEM,0xb8725111
S_GMCL_ITEM_BOX_INFO,0xb06ef7f6
S_GMCL_ITEM_INFO,0xf503d3f0
S_GMCL_ITEM_INFO_DEVIDE_SEND_PARAM,0xb6aa3336
S_GMCL_NOTIFY_MAX_GARAGE_SIZE,0x7f131670
S_GMCL_NOTIFY_MAX_ACCOMPLISHED_ITEM_GARAGE_SIZE,0x8153893c
S_GMCL_NOTIFY_GARAGE_MODIFIED,0xa2e80785
S_GMCL_NOTIFY_ACCOMPLISHED_ITEM_GARAGE_MODIFIED,0xb00d31dd
S_GMCL_NOTIFY_GARAGE_MODIFIED_WITH_DETAIL,0x564f4489
S_GMCL_NOTIFY_ACCOMPLISHED_ITEM_GARAGE_MODIFIED_WITH_DETAIL,0xff1a45e6
S_GMCL_NOTIFY_SIXTH_SENSE_MAX_LEVEL,0xeb3f119
S_GMCL_NOTIFY_SIXTH_SENSE_LEVEL,0x74d51e08
S_GMCL_NOTIFY_SIXTH_SENSE_GROUPS,0x4188ef86
S_GMCL_NOTIFY_SIXTH_SENSE_HAND_BONUS_TABLE,0xf1a6bd0e
S_GMCL_NOTIFY_EQUIPPED_SIXTH_SENSE,0xa658b81a
S_GMCL_NOTIFY_MASKED_SIXTH_SENSE,0x7d6946bd
S_GMCL_NOTIFY_UNMASKED_SIXTH_SENSE,0x7aff8e32
S_GMCL_CHAR_LEVEL_MODIFY,0xdb30bb8c
S_GMCL_CHAR_SHAPE,0xe6d8a0c8
S_GMCL_WINDOW_OPEN,0x8cefd84b
S_GMCL_WINDOW_CLOSE,0x18f2c1be
S_GMCL_QUEST_BOARD_OPEN,0x442b70a3
S_GMCL_EXEC_SKIT_EVENT,0x7c6c43ef
S_GMCL_OPEN_WEBVIEW_POPUP,0x875b5730
S_GMCL_OPEN_SIMPLE_RANKING,0xe247cf7d
S_GMCL_JOB_CHANGE_INFO,0x230bdc2e
S_GMCL_SYNC_JOB_LEVEL_INFO,0xe90e154b
S_GMCL_NOTIFY_FIRST_RELEASE_MASTER_LEVEL,0xddce297e
S_GMCL_JOB_ABILITY_STATUS_INFO,0x99ef811d
S_GMCL_JOB_ABILITY_STATUS_INFO_DEVIDE_SEND_PARAM,0x57dfe1fe
S_GMCL_JOB_ABILITY_PVP_COST_CHANGE_VALUE,0xd6bd87f5
S_GMCL_JOB_ABILITY_EMBLEM_COST_GAIN,0x94a5d23a
S_GMCL_PARTY_SYNC_PARTYINFO,0xe2f11366
S_GMCL_QUEST_ENCHANT_SRC_DATA,0x9827fe13
S_GMCL_QUEST_CATEGORY_SRC_DATA,0x5ac6961f
S_GMCL_QUEST_SRC_DATA,0x81310b05
S_GMCL_ACCEPTABLE_QUEST_LIST,0xc9dfb237
S_GMCL_QUEST_HISTORY_DATA,0xc1bb0070
S_GMCL_ACCEPTABLE_QUEST_UPDATE,0xb2da2ce6
S_GMCL_QUEST_TROPHY_INFO,0xfd8ad186
S_GMCL_QUEST_INFO_BASE,0x80d74694
S_GMCL_QUEST_INFO_STATE_INIT,0x5f4f9b62
S_GMCL_QUEST_INFO_STATE_BEGIN_EVENT,0xa8a0bc89
S_GMCL_QUEST_INFO_STATE_PROGRESS_START,0xd6af3fd2
S_GMCL_QUEST_INFO_STATE_PROGRESS_UPDATE,0xb6d8ee93
S_GMCL_QUEST_INFO_STATE_END_EVENT,0xee8863ee
S_GMCL_QUEST_INFO_STATE_INTERMISSION,0x12c8c143
S_GMCL_QUEST_INFO_STATE_RESULT,0x61a28538
S_GMCL_QUEST_INFO_STATE_STAMP_REWARD,0x68fce928
S_GMCL_QUEST_INFO_STATE_SHUFFLE_REWARD,0xa0990bcf
S_GMCL_QUEST_INFO_STATE_RESULT_TROPHY,0x446de822
S_GMCL_QUEST_INFO_STATE_BINGO_REWARD,0x5b9d33e3
S_GMCL_QUEST_INFO_STATE_RETURN,0xd5567b24
S_GMCL_QUEST_INFO_STATE_END,0x32d29f92
S_GMCL_QUEST_INFO_STATE_BEGIN_POPUPINFO,0xfbd77fda
S_GMCL_QUEST_INFO_STATE_END_POPUPINFO,0x19118862
S_GMCL_QUEST_INFO_STATE_WAIT_FOR_END,0xc5cb4208
S_GMCL_QUEST_INFO_STATE_RETRY,0xe1c3ff05
S_GMCL_QUEST_INFO_STATE_NEXT_QUEST,0xa99efb9c
S_GMCL_QUEST_INFO_STATE_SUB_MISSION_REWARD,0x1fc80486
S_GMCL_RECOMMENDED_QUEST_LIST,0xc5a85777
S_GMCL_QUEST_CATEGORY_REWARD_SRC_DATA,0xf75ff9a
S_GMCL_NOTIFY_SEND_QUEST_CATEGORY_REWARD,0xeb6c02cd
S_GMCL_IS_ENABLE_DISPLAY_CHARACTER_LIMIT,0x40caf897
S_GMCL_QUEST_SUB_MISSION_PROGRESS,0x74b2e50c
S_GMCL_QUEST_SUB_MISSION_POINT,0x8442863
S_GMCL_SUBJUGATION_POINT_WITH_POP_LINE,0x70b1a9eb
S_GMCL_SUBJUGATION_POINT_UPDATE,0x8a7ffe70
S_GMCL_BLACKLIST_HAVE,0x6c3ae8b2
S_GMCL_BLACKLIST_DEVIDE_SEND_PARAM,0xf0f317f5
S_GMCL_PAYMENT_POINT,0x45fe2f64
S_GMCL_GACHA2_LOT_RESULT,0x48e319ff
S_GMCL_LOGINBONUS_NOTIFICATION,0xf1c1a9aa
S_GMCL_EMOTION_UPDATE,0x7b6c8f7a
S_GMCL_EMOTION_LIST_UPDATE,0x3b0be784
S_GMCL_EMOTION_EXECUTE,0x2ae01880
S_GMCL_EMOTION_INITINFO,0xf037aa4
S_GMCL_UPDATE_LOGRES_GAUGE,0x7d5d04ac
S_GMCL_GIFT_UPDATE,0x43d29179
S_GMCL_GIFT_NUM,0xc031bbc8
S_GMCL_FEED_BEGIN,0xd64f4118
S_GMCL_MERCENARY_ACTIVITY_INFO,0xeaa1cc71
S_GMCL_APP_REVIEW_INFO,0x98e1e578
S_GMCL_SEND_NOAH_DEBUGCOMMAND,0x3023ab41
S_GMCL_SEND_ADJUST_EVENT_PARAM,0xae18c1fa
S_GMCL_BATTLE_COLLISION_SYMBOL,0x1ab39887
S_GMCL_BATTLE_PARTY_MEMBER_ENCOUNT,0xae6c812f
S_GMCL_PVP_BATTLE_ENTRY_CONFIRM_REQ,0x6ca6fbbb
S_GMCL_PVP_BATTLE_ENTRY_REQ_RESULT,0x1deabf6c
S_GMCL_BATTLE_INITIALIZE,0xdb83b305
S_GMCL_NOTIFY_BATTLE_LIMIT_TIMER_INFO,0x79762465
S_GMCL_BATTLE_THROTTLE_EFFECTS,0x605809e6
S_GMCL_BATTLE_BOUT_INITIALIZE,0x3c9b8593
S_GMCL_BATTLE_SEQUENTIAL_BOUT_INFO,0xcbe397e5
S_GMCL_BATTLE_BOUT_REMAINLIFE_INFO,0xbe74c6ce
S_GMCL_BATTLE_BOUTCHAR_APPEAR_DISPLAY_RULE,0xca01f1a9
S_GMCL_BATTLE_BOUTCHAR_APPEAR,0x3396db6
S_GMCL_BATTLE_BOUTWATCHER_APPEAR,0xe8317738
S_GMCL_BATTLE_SEQUENCER_INITIALIZE,0xe6834fae
S_GMCL_BATTLE_NOTICE_DYING,0xd1bf2a53
S_GMCL_BATTLE_RESULT,0x5b1ffeba
S_GMCL_BATTLE_BOUT_EVENT_SEQUENCE_BEGIN,0x52e16635
S_GMCL_BATTLE_BOUT_EVENT_SEQUENCE_END,0x4d79e14b
S_GMCL_BATTLE_BOUT_EVENT_ENTRY_EFFECT,0xf179d471
S_GMCL_BATTLE_BOUT_EVENT_BOUT_STANDBY_TIME,0xb534343e
S_GMCL_BATTLE_BOUT_EVENT_BOUT_START_COUNTDOWN,0xaad4536
S_GMCL_BATTLE_BOUT_EVENT_DISAPPEAR,0x64a1a976
S_GMCL_BATTLE_BOUT_EVENT_CHARGE_SKILL,0xf8208dc8
S_GMCL_BATTLE_BOUT_EVENT_CANCEL_CHARGE,0xc2f920a4
S_GMCL_BATTLE_BOUT_EVENT_FAILED_CHARGE,0xd403c60c
S_GMCL_BATTLE_BOUT_EVENT_EXECUTE_SKILL,0x967eadd6
S_GMCL_BATTLE_BOUT_EVENT_EXECUTE_REACTION_SKILL,0x57b2e4b
S_GMCL_BATTLE_BOUT_EVENT_EXECUTE_IMMEDIATE_SKILL,0x535addfe
S_GMCL_BATTLE_BOUT_EVENT_SELECT_REACTION_SKILL,0xe74f73fc
S_GMCL_BATTLE_BOUT_EVENT_RECAST_SKILL,0xce9677e
S_GMCL_BATTLE_BOUT_EVENT_RESET_RECAST_SKILL,0xf410a85b
S_GMCL_BATTLE_BOUT_EVENT_WAIT_SKILL,0x37cd40be
S_GMCL_BATTLE_BOUT_EVENT_DEAD,0xd7b9419a
S_GMCL_BATTLE_BOUT_EVENT_REVIVE,0x316284ee
S_GMCL_BATTLE_BOUT_EVENT_UPDATE_DEAD_COUNT_LIMIT,0xe727468d
S_GMCL_BATTLE_BOUT_EVENT_UPDATE_REMAINLIFE_INFO,0x96c7e7a3
S_GMCL_BATTLE_BOUT_EVENT_DROP,0x4a890d9c
S_GMCL_BATTLE_BOUT_EVENT_ADDITIONAL_DROP_EFFECT,0xf07be97c
S_GMCL_BATTLE_BOUT_EVENT_STAY_TIME,0x7f349c0c
S_GMCL_BATTLE_BOUT_EVENT_ADD_ENCHANT,0x506118d6
S_GMCL_BATTLE_BOUT_EVENT_REMOVE_ENCHANT,0x5e53087f
S_GMCL_BATTLE_BOUT_EVENT_EFFECT_GENERATED,0x4eeb541a
S_GMCL_BATTLE_BOUT_EVENT_PLAY_LOOP_EFFECT,0xd4f7060d
S_GMCL_BATTLE_BOUT_EVENT_STOP_LOOP_EFFECT,0x3adabe5f
S_GMCL_BATTLE_BOUT_EVENT_STATUS_CHANGED,0x6117726
S_GMCL_BATTLE_BOUT_EVENT_SEAL_SKILL,0xe41e78d4
S_GMCL_BATTLE_BOUT_EVENT_ADD_SKILL_STATUS_EFFECT,0x3f402940
S_GMCL_BATTLE_BOUT_EVENT_REMOVE_SKILL_STATUS_EFFECT,0xd02dea95
S_GMCL_BATTLE_BOUT_EVENT_PLAY_SKILL_STATUS_EFFECT,0x677e3db1
S_GMCL_BATTLE_BOUT_EVENT_UPDATE_ITEM_LIST,0x71d72536
S_GMCL_BATTLE_BOUT_EVENT_CHAR_TARGET_LOCK,0xde565182
S_GMCL_BATTLE_BOUT_EVENT_CHAR_TARGET_UNLOCK,0x288911b5
S_GMCL_BATTLE_BOUT_EVENT_CHAR_TARGETING_FLAG,0xd2605993
S_GMCL_BATTLE_BOUT_EVENT_CHAR_SHAPE_CHANGE,0x1b10b720
S_GMCL_BATTLE_BOUT_EVENT_START_CONTINUE,0xda7cb141
S_GMCL_BATTLE_BOUT_EVENT_END_CONTINUE,0xffc45d50
S_GMCL_BATTLE_BOUT_EVENT_START_CONTINUE_COUNTDOWN,0xe41e5c30
S_GMCL_BATTLE_BOUT_EVENT_END_CONTINUE_COUNTDOWN,0x68e61f30
S_GMCL_BATTLE_BOUT_EVENT_START_GIVE_UP,0x48b72a68
S_GMCL_BATTLE_BOUT_EVENT_END_GIVE_UP,0x9f899bda
S_GMCL_BATTLE_BOUT_EVENT_START_STALEMATE,0xdedaa265
S_GMCL_BATTLE_BOUT_EVENT_BATTLE_TIMER_NOTIFICATION,0x362d6a38
S_GMCL_BATTLE_BOUT_INIT_CHAIN_SLOT,0xf9646a73
S_GMCL_BATTLE_BOUT_EVENT_BATTLE_CHAIN_NOTIFICATION,0xd096206a
S_GMCL_BATTLE_BOUT_EVENT_BATTLE_SLOT_RESULT,0x5b4c93ac
S_GMCL_BATTLE_BOUT_EVENT_UPDATE_SKILL_USABLE_COUNT,0x5d1b4d16
S_GMCL_BATTLE_BOUT_PLAY_BATTLEPRODUCTION_EVENT,0xe551efdf
S_GMCL_BATTLE_BOUT_EVENT_UPDATE_SHARED_TOKEN,0x493492e0
S_GMCL_BATTLE_BOUT_EVENT_EVOLVE_SHARED_TOKEN_EFFECT,0xa044caf0
S_GMCL_BATTLE_BOUT_EVENT_ADD_BUFF_ICON,0x15be2dc0
S_GMCL_BATTLE_BOUT_EVENT_UPDATE_BUFF_ICON_COUNT,0xd91984bb
S_GMCL_BATTLE_BOUT_EVENT_REMOVE_BUFF_ICON,0x77cc3436
S_GMCL_BATTLE_BOUT_EVENT_BATTLECUTIN,0x2be2dfc0
S_GMCL_BATTLE_BOUT_EVENT_ITEM_GAUGE_VALUE_CHANGED,0x7cb54f5e
S_GMCL_BATTLE_BOUT_EVENT_DISPLAY_RETAIN_LIFE_LINE,0x7d34fada
S_GMCL_BATTLE_BOUT_EVENT_DISPLAY_DAMAGE_REGIST_EFFECT,0x6f1d420a
S_GMCL_BATTLE_BOUT_EVENT_HIT_POINT_BAR_COLOR,0x3c79ed7f
S_GMCL_BATTLE_BOUT_EVENT_BOUT_RESULT,0x41498234
S_GMCL_BATTLE_BOUT_EVENT_BOUT_FINISH,0x72eaa83f
S_GMCL_BATTLE_ITEM_SKILL_LIST,0xf416f077
S_GMCL_BATTLE_ADDITIONAL_SKILL_LIST,0xee4a80a4
S_GMCL_BATTLE_BOUT_EVENT_SKILL_SHIFT_EFFECT,0x25126a0f
S_GMCL_BATTLE_BOUT_EVENT_ADDITIONAL_SKILL_BOLSTER_EFFECT,0x376faec3
S_GMCL_BATTLE_BOUT_SEND_CHAR_INFO_COMPLETE,0x3dcfb18e
S_GMCL_BATTLE_ESCAPE_SKILL,0x56bb99c
S_GMCL_BATTLE_STAY_TIME,0xb3cd469
S_GMCL_BATTLE_BOUT_EVENT_ENCHANT_ICON_NOTIFY,0x1990a605
S_GMCL_BATTLE_BOUT_EVENT_ITEM_ADDON_INFO,0xc6666c79
S_GMCL_BATTLE_BOUT_GENERATE_GAUGE,0x8ecb3834
S_GMCL_BATTLE_BOUT_UPDATE_GAUGE,0x6b6f92a2
S_GMCL_BATTLE_BOUT_DELETE_GAUGE,0x6d484a40
S_GMCL_BATTLE_BOUT_GENERATE_SHIELD,0xdf57f075
S_GMCL_BATTLE_BOUT_GENERATE_SHIELD_STOCK,0xf58ef175
S_GMCL_BATTLE_BOUT_DELETE_SHIELD_STOCK,0x99cf8d13
S_GMCL_BATTLE_BOUT_EVENT_NEGLECT_PENALTY,0x745ffff6
S_GMCL_BATTLE_BOUT_INIT_SCORE,0x6703461b
S_GMCL_BATTLE_BOUT_EVENT_UPDATE_SCORE,0xe2c4b044
S_GMCL_LOAD_ALL_FAVORITES,0x5d237dbe
S_GMCL_MAX_FAVORITE_PVP_EQUIPMENTS,0xc1d2c7da
S_GMCL_NOTIFY_PVP_PARAMETERS,0x13e8b36e
S_GMCL_LOAD_WEAPON_ORDER,0xe0f9f1f9
S_GMCL_LOAD_ADDITIONAL_WEAPON_ORDER,0x59efaa75
S_GMCL_NOTIFY_FUSION_CAMPAIGN_BONUS,0xe7f1bbc4
S_GMCL_NOTIFY_BOX_CAPACITY,0x94ed7b2c
S_GMCL_NOTIFY_THEY_ARE_INVITED_TO_THE_CHATGROUP,0xd8796b05
S_GMCL_NOTIFY_THEY_ARE_KICKED_FROM_THE_CHATGROUP,0x8cde2aff
S_GMCL_NOTIFY_YOU_ARE_INVITED_TO_THE_CHATGROUP,0x3e18fa58
S_GMCL_NOTIFY_YOU_ARE_KICKED_FROM_THE_CHATGROUP,0x99e26627
S_GMCL_NOTIFY_CHATGROUP,0x59679149
S_GMCL_NOTIFY_MAX_GROUP_CHAT_GROUPS,0xc88e68f7
S_GMCL_NOTIFY_MAX_GROUP_CHAT_MEMBERS,0xd2a07e5
S_GMCL_NOTIFY_INFORMATION_MESSAGE,0xcde7be38
S_GMCL_NOTIFY_SEALED_IN_MESSAGE,0x9dc02169
S_GMCL_WARP_TIPS_MESSAGE,0x81586853
S_GMCL_NOTIFY_ITEM_EXP2LEVEL_TABLE,0xaee77af5
S_GMCL_NOTIFY_SKILL_DERIVING_RATIO_TABLE,0x2e38ee8c
S_GMCL_NOTIFY_DEPOSIT_BONUS_TABLE,0x415cef5c
S_GMCL_NOTIFY_IN_APP_PURCHASE_STATE,0x3f7b9285
S_GMCL_SEND_WARNING,0xb6ef3dfd
S_GMCL_SEND_URL,0x5be61142
S_GMCL_OPEN_APPLICATION,0xcd1b335a
S_GMCL_WEATHER_COUNT,0x98ce492
S_GMCL_WEATHER,0x42786c2c
S_GMCL_NOTIFY_ALT_MONEY,0x76e5a3be
S_GMCL_NOTIFY_MATERIAL_CATEGORIES,0x8340f95d
S_GMCL_NOTIFY_ALT_MONEY_CONFIG,0x9ce3ef2b
S_GMCL_END_OF_ITEMS,0xdbeb14c8
S_GMCL_CLAN_SYNC_CLANINFO,0x8ab8ac90
S_GMCL_NOTIFY_CLAN_POINT,0x7b27c014
S_GMCL_NOTIFY_CLAN_NAME,0xd067db92
S_GMCL_NOTIFY_CLAN_LEVEL,0x5668ff23
S_GMCL_NOTIFY_CLAN_EXP_TABLE,0xd2ab778a
S_GMCL_NOTIFY_EVENT_POPUPINFO,0xfdca207e
S_GMCL_NOTIFY_RAID_POPUPINFO,0x983f8e21
S_GMCL_NOTIFY_URL_POPUPINFO,0xa0ea20ac
S_GMCL_NOTIFY_MAIL,0xac658433
S_GMCL_FUSION_MATERIAL_COMPATIBILITY_TABLE,0x15f0dcaa
S_GMCL_SEND_EVENTPOINT_REWARD_LIST,0xe2b3fc85
S_GMCL_NOTIFY_EVENTPOINT,0xa15a8685
S_GMCL_NOTIFY_EVENT_GAUGE,0x3cc9ab43
S_GMCL_EXCHANGE_ITEM_OPEN,0x99d8a21e
S_GMCL_CLAN_BOARD_NEW_POST,0xdfbeef4
S_GMCL_NOTIFY_CLAN_ROOM_ITEM,0xc62adaf0
S_GMCL_GEM_SHOP_SUSPENDED_PRODUCT_LIST,0x9039495d
S_GMCL_GEM_SHOP_RESET_PRODUCT_LIST,0x615604da
S_GMCL_GEM_SHOP_SHORTCUT,0x8c14f994
S_GMCL_NOTIFY_RECEIVED_TOTAL_PURCHASE_BONUS,0xa0116aa
S_GMCL_SEND_AVATAR_ITEM_SHOP_PRODUCTS,0x49d01b
S_GMCL_FASHION_SHOW_NOTIFY_EVENT,0x2513d95a
S_GMCL_NOTIFY_SHOW_BATTLEBOOST_POPUP,0xe60a7906
S_GMCL_SEND_SKILL_LEVELING_RATIO,0xbc149f09
S_GMCL_EAST_WEST_GAME_SCHEDULE_NOTIFY,0xf8d919e9
S_GMCL_NOTIFY_EAST_WEST_TEAM,0x51b5617b
S_GMCL_NOTIFY_CLAN_SKILL,0x92bfd747
S_GMCL_CLAN_SKILL_IS_AVAILABLE,0x72284e6c
S_GMCL_ENABLE_CONTENT_MASK,0x56362878
S_GMCL_DISABLE_CONTENT_MASK,0x800712e9
S_GMCL_CONTENT_SCHEDULE_NOTIFY,0x9600ed0d
S_GMCL_NOTIFY_PARTY_RECRUITMENT,0x6f2435d3
S_GMCL_BATTLE_BOARD_OPEN,0xbca9a804
S_GMCL_NOTIFY_MODIFY_BATTLE_CARD,0x491d731c
S_GMCL_NOTIFY_BATTLE_BOARD_MESSAGE,0xec48d1e
S_GMCL_RCB_GROUP_INFO,0xa76d59c6
S_GMCL_RCB_CHANGE_UI,0x40ead7c7
S_GMCL_NOTIFY_RCB_RENTAL_ITEM,0x42e6dac
S_GMCL_SLOT_GACHA_OPEN,0x97062df9
S_GMCL_CAN_WARP_BEGIN,0xe25dc19f
S_GMCL_OPEN_CLAN_GUIDE,0x1421d8a7
S_GMCL_NOTIFY_CLAN_ROOM_EDIT_TIMEOUT,0x4b558471
S_GMCL_NOTIFY_ADD_EMBLEM,0x44032dc
S_GMCL_NOTIFY_EQUIPPED_EMBLEMS,0x28d3ed58
S_GMCL_SEND_SKILL_LEVEL_UP_GROUP,0x71c6d775
S_GMCL_MEGAMIKUJI_RESULT_SEND_REWARD,0xd8a2014
S_GMCL_NOTIFY_RAID_STATE,0x21a7a8b1
S_GMCL_BATTLE_BOUT_EVENT_RAID_DAMAGE_BONUS_EFFECT,0x3f0ad8f1
S_GMCL_NOTIFY_INFORMATION_RAID_MESSAGE,0xedc38f69
S_GMCL_RAID_QUEST_INFO_BASE,0x36435d28
S_GMCL_RAID_QUEST_INFO_STATE_INIT,0xd6861aae
S_GMCL_RAID_QUEST_INFO_STATE_READY,0x75ed6c53
S_GMCL_RAID_QUEST_INFO_STATE_PROGRESS,0xd91a8b8e
S_GMCL_RAID_QUEST_INFO_STATE_INTERMISSION,0x9bb1efe2
S_GMCL_RAID_QUEST_INFO_STATE_RESULT,0x9c522705
S_GMCL_RAID_QUEST_INFO_STATE_WAIT_FOR_END,0x4cb26ca9
S_GMCL_RAID_QUEST_INFO_STATE_RETRY,0x7398b81f
S_GMCL_RAID_QUEST_INFO_STATE_RETURN,0x28a6d919
S_GMCL_RAID_QUEST_INFO_STATE_END,0x2878b30b
S_GMCL_RAID_MATCHING_JOIN_ROOM,0x36334bb7
S_GMCL_RAID_MATCHING_SYNC_ROOMINFO,0x36d54255
S_GMCL_RAID_MATCHING_KICK,0xd53c3b21
S_GMCL_RAID_MATCHING_STAMP,0x52e8b2f5
S_GMCL_QUEST_BATTLE_NEGLECT_PENALTY,0x8804d376
S_GMCL_QUEST_RESET_PENALTY_TIME,0x6f124f38
C_GMCL_SHOW_LOGIN_LOCK_DIFFER_PROTO_VERSION_HASH_Response,0xfe5669bf
C_GMCL_ACCOUNT_LOGIN_REQ_Response,0x1888052
C_GMCL_CHAR_LOGIN_REQ_Response,0x19aac5fc
C_GMCL_CHAR_LOGOUT_REQ_Response,0x4c0a624c
C_GMCL_ACCOUNT_ZONEIN_REQ_Response,0xd3f51052
C_GMCL_CHAR_CREATE_REQ_Response,0x646507ef
C_GMCL_CHAR_NAME_CHECK_REQ_Response,0xbad83c1b
C_GMCL_CHAR_MODIFY_REQ_Response,0x79065519
C_GMCL_CHAT_SEND_REQ_Response,0x40373567
C_GMCL_GET_FAVORITE_STAMPS_REQ_Response,0x36d5988b
C_GMCL_MODIFY_FAVORITE_STAMPS_REQ_Response,0xd75cc8a
C_GMCL_STAMP_SEND_REQ_Response,0x3f1718f
C_GMCL_SET_NAME_PREFIX_Response,0xdb11b90b
C_GMCL_UPDATE_CHAT_GROUP_ATTRIBUTES_Response,0x7253b160
C_GMCL_CHAT_GROUP_KICK_REQ_Response,0x5b398f86
C_GMCL_CHAT_GROUP_PIN_NOTIFY_REQ_Response,0x4641838b
C_GMCL_WORLD_CHAT_LIMIT_REQ_Response,0x9f3e7625
C_GMCL_WORLD_CHAT_FREE_REQ_Response,0x9b961338
C_GMCL_ACTIVE_ENEMY_TARGET_Response,0x73cd4cfd
C_GMCL_CHANGE_OBJECT_STATE_REQ_Response,0xad30cd78
C_GMCL_CHAR_PROFILE_UPDATE_Response,0xd397c3bc
C_GMCL_CHANGE_EVENT_FLAG_Response,0x167013e4
C_GMCL_CHANGE_RCB_EVENT_FLAG_Response,0x7e1106ef
C_GMCL_CHAR_TALK_REQ_Response,0xd75a0bdf
C_GMCL_CLAN_ROOM_INTERIOR_TALK_REQ_Response,0xd05156aa
C_GMCL_FIELD_INFO_REQ_Response,0xb032b4e3
C_GMCL_ZONEIN_REQ_Response,0xb7490c46
C_GMCL_GET_AREA_DROP_ITEM_INFO_Response,0x2cc852b6
C_GMCL_GET_FIELD_GIMMICK_BATTLE_TOKEN_INFO_Response,0xf28807a1
C_GMCL_PVP_ITEM_INFO_Response,0xe20a387b
C_GMCL_GET_IMAGINARY_ITEMS_Response,0xab9f6e2f
C_GMCL_GET_IMAGINARY_ITEMS_AT_Response,0x708bc2bf
C_GMCL_GET_IMAGINARY_SIXTH_SENSE_MEDALS_Response,0x8b163706
C_GMCL_LOT_CORE_Response,0xcbeae6f7
C_GMCL_GET_CORE_CANDIDATES_Response,0x52aaeed6
C_GMCL_MOVE_TO_GARAGE_Response,0xef236b85
C_GMCL_MOVE_TO_ACCOMPLISHED_ITEM_GARAGE_Response,0x42af2efb
C_GMCL_MOVE_FROM_GARAGE_Response,0x3a3b6c4d
C_GMCL_MOVE_FROM_ACCOMPLISHED_ITEM_GARAGE_Response,0x727618e
C_GMCL_SYNC_GARAGE_CREATE_SNAPSHOT_Response,0x837cb87c
C_GMCL_SYNC_GARAGE_FETCH_SNAPSHOT_Response,0x21c59e92
C_GMCL_SYNC_GARAGE_DELETE_SNAPSHOT_Response,0x793dd792
C_GMCL_SYNC_ACCOMPLISHED_ITEM_GARAGE_CREATE_SNAPSHOT_Response,0x36cc1ae1
C_GMCL_SYNC_ACCOMPLISHED_ITEM_GARAGE_FETCH_SNAPSHOT_Response,0x41a8322f
C_GMCL_SYNC_ACCOMPLISHED_ITEM_GARAGE_DELETE_SNAPSHOT_Response,0xcc8d750f
C_GMCL_GET_MASKED_SIXTH_SENSE_Response,0xf2dcbbcf
C_GMCL_GET_AVAILABLE_SIXTH_SENSES_Response,0xf7a7d1e0
C_GMCL_CHANGE_EQUIPPED_SIXTH_SENSES_Response,0x3004344e
C_GMCL_GET_SIXTH_SENSE_STATUS_Response,0x1b1d2e15
C_GMCL_GET_MULTIPLE_SIXTH_SENSE_STATUS_Response,0xa774c593
C_GMCL_GET_FAVORITE_SIXTH_SENSE_REQ_Response,0x6d278c40
C_GMCL_MODIFY_FAVORITE_SIXTH_SENSE_REQ_Response,0xf1e28f5d
C_GMCL_SKILL_DETAIL_REQ_Response,0x81306cbb
C_GMCL_SKILL_SUB_TYPE_REQ_Response,0xd646f98a
C_GMCL_ITEM_MULTIPLE_PROTECT_REQ_Response,0xee3f70fe
C_GMCL_PROTECT_ITEM_Response,0x3df6729a
C_GMCL_GET_MASTER_LEVEL_CAP_RELEASE_MATERIALS_Response,0x81d34ac4
C_GMCL_RELEASE_MASTER_LEVEL_CAP_Response,0x23d0e850
C_GMCL_COMMUNITY_QUEST_WARP_REQ_Response,0x29ebb79b
C_GMCL_PARTY_LEAVE_REQ_Response,0x56c8d377
C_GMCL_PARTY_DISSOLVE_REQ_Response,0x868e44a7
C_GMCL_PARTY_CHANGE_MEMBER_MAX_NUM_REQ_Response,0x2b7d3b8c
C_GMCL_FRIEND_ADD_REQ_Response,0x211962ea
C_GMCL_FRIEND_LIST_ADD_REQ_Response,0x3d1de72
C_GMCL_FRIEND_DELETE_REQ_Response,0x7a9e6e9a
C_GMCL_FAVORITE_FRIEND_REGISTER_REQ_Response,0xa629da91
C_GMCL_FAVORITE_FRIEND_UNREGISTER_REQ_Response,0x2a5472d2
C_GMCL_QUEST_ENCHANT_ADD_REQ_Response,0x2b9e88ba
C_GMCL_QUEST_ACCEPT_WARNING_CHECK_Response,0xc9bcfec8
C_GMCL_QUEST_ACCEPT_REQ_Response,0xa36cc2ef
C_GMCL_QUEST_ACCEPT_CONDITION_CHECK_Response,0x6e1c1403
C_GMCL_QUEST_RETIRE_REQ_Response,0xdede99bc
C_GMCL_QUEST_TROPHY_COLLECT_REQ_Response,0x127a8922
C_GMCL_QUEST_START_VOYAGE_Response,0xba7461a4
C_GMCL_QUEST_SRC_SET_Response,0xe4d91d0e
C_GMCL_QUEST_CATEGORY_REWARD_REFERENCE_POINT_Response,0x805f58a9
C_GMCL_QUEST_GET_LOT_INFO_LIST_Response,0xe51ebe
C_GMCL_QUEST_GET_HISTORY_DATA_Response,0x34cd2a53
C_GMCL_RECOMMENDED_QUEST_LIST_2_Response,0xf60f4270
C_GMCL_SELL_ITEM_REQ_Response,0xf03361c2
C_GMCL_SELL_ITEM2_Response,0x6ec7ce96
C_GMCL_BLACKLIST_APPEND_REQ_Response,0xf711c89c
C_GMCL_BLACKLIST_DELETE_REQ_Response,0x3fe98ada
C_GMCL_PAYMENT_HEAL_ENERGY_POINT_INFO_REQ_Response,0xe3a795e2
C_GMCL_PAYMENT_USE_HEAL_ENERGY_POINT_REQ_Response,0x17f1e122
C_GMCL_PAYMENT_EXPAND_INVENTORY_INFO_REQ_Response,0xbf8fb4ed
C_GMCL_PAYMENT_EXPAND_INVENTORY_REQ_Response,0x40b6493c
C_GMCL_PAYMENT_CHAR_MODIFY_REQ_Response,0x273b18c1
C_GMCL_GACHA_LIST_REQ_Response,0x436029ae
C_GMCL_SKIP_GACHA_CONFIRM_WINDOW_REQ_Response,0x4b21c488
C_GMCL_NOTIFY_GACHA_EXP_REWARDS_Response,0x777593fe
C_GMCL_APPEAL_GACHA_LIST_REQ_Response,0xccfc46da
C_GMCL_BOX_GACHA_ITEM_LIST_REQ_Response,0x8674ba91
C_GMCL_RESET_BOX_GACHA_Response,0x48cfa4b0
C_GMCL_STEP_BOX_GACHA_Response,0xb2f600
C_GMCL_GIFT_PAGE_REQ_Response,0xede6270
C_GMCL_GIFT_MULTIPLE_ACCEPT_REQ_Response,0x2f20a987
C_GMCL_GIFT_MULTIPLE_SELL_REQ_Response,0xc8407b5c
C_GMCL_GIFT_HISTORY_PAGE_REQ_Response,0x696acd52
C_GMCL_GET_COORDINATE_LIST_Response,0x4f945411
C_GMCL_SAVE_COORDINATE_Response,0x739f83fb
C_GMCL_CHANGE_COORDINATE_Response,0xebcfecaf
C_GMCL_APP_REVIEW_POST_REQ_Response,0xc2df81b9
C_GMCL_GET_PARTY_INVOLVE_BATTLE_RANGE_REQ_Response,0x5d997b48
C_GMCL_BATTLE_ENTRY_REQ_Response,0x3228ac27
C_GMCL_PVP_BATTLE_ENTRY_REQ_Response,0x518fa455
C_GMCL_SPECVALUE_SETTING_REQ_Response,0x1a3333fd
C_GMCL_BATTLE_TOKEN_DETAIL_Response,0xdbbf52d2
C_GMCL_BATTLE_SELECTED_ADDITIONAL_SKILL_CHANGE_REQ_Response,0x5ce81c1c
C_GMCL_BATTLE_USE_SKILL_REQ_Response,0xf06e5520
C_GMCL_BATTLE_USE_CONTINUE_SKILL_REQ_Response,0x3cf44b8
C_GMCL_BATTLE_USE_GIVE_UP_REQ_Response,0x843e9735
C_GMCL_BATTLE_STALEMATE_REQ_Response,0xc4c4bb50
C_GMCL_BATTLE_CHANGE_USE_SKILL_MODE_REQ_Response,0xa5e6f0bf
C_GMCL_LOAD_FAVORITES_Response,0xe4eff1bb
C_GMCL_STORE_SET_IN_FAVORITES_Response,0x81b572c5
C_GMCL_STORE_FAVORITE_SET_NAME_Response,0xf589f2cb
C_GMCL_REMOVE_SET_IN_FAVORITES_Response,0xfdee3958
C_GMCL_EQUIP_SET_IN_FAVORITES_Response,0x2ff4fdba
C_GMCL_SORT_FAVORITES_Response,0x43a19755
C_GMCL_SORT_PVP_FAVORITES_Response,0x6e82e5f9
C_GMCL_STORE_PVP_EQUIPMENTS_Response,0x2ae1716c
C_GMCL_STORE_PVP_FAVORITE_SET_NAME_Response,0x8b79bca8
C_GMCL_GET_PVP_EQUIPMENTS_Response,0xe020acd4
C_GMCL_FILL_PVP_EQUIPMENTS_Response,0x866f5479
C_GMCL_PAYMENT_EXPAND_FAVORITES_Response,0x98362609
C_GMCL_STORE_WEAPON_ORDER_Response,0xcb266c5b
C_GMCL_STORE_ADDITIONAL_WEAPON_ORDER_Response,0x25ee6164
C_GMCL_ESTIMATE_FUSION_RESULT_Response,0xa85fbfc4
C_GMCL_FUSION_Response,0xb424788a
C_GMCL_ESTIMATE_DERIVE_RESULT_Response,0xcba60f01
C_GMCL_DERIVE_Response,0x8add2d4b
C_GMCL_WRITEBACK_FUSION_RESULT_Response,0xf79debdc
C_GMCL_ABANDON_FUSION_RESULT_Response,0x9d1acb29
C_GMCL_AUX_EQUIPMENT_EFFECT_RATIO_Response,0xb3a10bd0
C_GMCL_CREATE_CHATGROUP_Response,0x88f5563d
C_GMCL_LEAVE_CHATGROUP_Response,0xecc98e55
C_GMCL_INVITE_TO_CHAT_GROUP_Response,0xc6c81ebe
C_GMCL_POST_DIALOG_ANSWER_Response,0x8af35c4a
C_GMCL_INVITE_TO_PARTY_Response,0xb9649623
C_GMCL_APPLY_TO_PARTY_Response,0xb84640e1
C_GMCL_GET_IN_APP_PURCHASE_AGE_CATEGORY_Response,0x80aaf506
C_GMCL_REGISTER_BIRTH_DATE_Response,0x3bc6562c
C_GMCL_IN_APP_PURCHASE_RESERVATION_Response,0xfd059edb
C_GMCL_IN_APP_PURCHASE_COMPLETE_Response,0xe4b0bf20
C_GMCL_IN_APP_PURCHASE_RECOVERY_Response,0x6deac04
C_GMCL_SUBMIT_CHAR_LOCATION_Response,0xc7139b86
C_GMCL_SEARCH_LOCATION_BONUS_Response,0x2479986e
C_GMCL_PUSH_NOTIFICATION_REGISTER_DEVICE_Response,0x15199cb1
C_GMCL_PUSH_NOTIFICATION_UPDATE_OPTIONS_Response,0x97a28e3a
C_GMCL_CONFIRM_WARNING_Response,0x161902f4
C_GMCL_COLLABO_FFRK_REWARD_REQ_Response,0xdae724b7
C_GMCL_COLLABO_TLGD_REWARD_REQ_Response,0x3ff335e5
C_GMCL_COLLABO_UNISON_REWARD_REQ_Response,0x8c9ad341
C_GMCL_COLLABO_ELEST_REWARD_REQ_Response,0xd8720a8b
C_GMCL_WEATHER_DETAIL_Response,0xa8faccf5
C_GMCL_GET_ALT_MONEY_Response,0x86e37ea0
C_GMCL_ALT_MONEY_Response,0xdd9627d
C_GMCL_ALT_MONEY2_Response,0x4bcda5d2
C_GMCL_MODIFY_ALT_MONEY_Response,0xe88cee37
C_GMCL_GET_AVAILABLE_SPACE_OF_ALT_MONEY_Response,0xa08baee2
C_GMCL_HAS_ENOUGH_SPACE_TO_RECEIVE_ALT_MONEY_Response,0x91483ede
C_GMCL_HAS_ENOUGH_SPACE_TO_RECEIVE_ALT_MONEY2_Response,0x48ec6dc
C_GMCL_ALT_MONEY_CONFIG_Response,0xf96bf942
C_GMCL_REDUCED_UNIFIED_ITEM_INFO_Response,0x31528b92
C_GMCL_CLAN_CREATE_CLAN_REQ_Response,0x148cf49d
C_GMCL_CLAN_LEAVE_CLAN_REQ_Response,0x85b2c2e3
C_GMCL_INVITE_TO_CLAN_Response,0x8826ba46
C_GMCL_APPLY_TO_CLAN_Response,0x71817e07
C_GMCL_MODIFY_CLAN_Response,0x9b516f8c
C_GMCL_KICK_FROM_CLAN_Response,0x4ad5f544
C_GMCL_JOIN_TO_ANY_CLAN_Response,0x1de40a68
C_GMCL_SWITCH_CLAN_MASTER_Response,0xad607c20
C_GMCL_UPDATE_CLAN_SUB_MASTER_Response,0xf7bd0aa
C_GMCL_DECLARE_HIRABLE_TO_CLAN_Response,0xd90f283e
C_GMCL_DECLARE_UNHIRABLE_TO_CLAN_Response,0x4c005405
C_GMCL_GET_CLAN_MISSION_CATEGORIES_Response,0xffbc813f
C_GMCL_GET_ACTIVE_CLAN_MISSIONS_Response,0xa0a8024b
C_GMCL_SET_CLAN_INVITATION_APPEAL_Response,0xebc3e8f
C_GMCL_GET_CLAN_INVITATION_APPEAL_Response,0xc9dc2966
C_GMCL_SEND_CLAN_INVITATION_MESSAGE_Response,0x64560f17
C_GMCL_RECEIVE_MAIL_Response,0xbcad4232
C_GMCL_GET_MAIL_BOX_UPDATED_DATE_Response,0x2d073cec
C_GMCL_COUNT_MAIL_Response,0xb60e8810
C_GMCL_ERASE_MAIL_Response,0x80779622
C_GMCL_MARK_MAIL_AS_READ_Response,0x6b7c125d
C_GMCL_ERASE_MAIL2_Response,0xb0944743
C_GMCL_MARK_MAIL_AS_READ2_Response,0x70c5206a
C_GMCL_RECEIVE_CLAN_INVITATION_MESSAGE_Response,0xa05df23a
C_GMCL_GET_EVOLUTION_GRAPH_Response,0x74776145
C_GMCL_GET_PARTIAL_EVOLUTION_GRAPH_Response,0x177dc23e
C_GMCL_GET_HIGH_RARITY_ITEMS_Response,0xfbeadc99
C_GMCL_GET_GOD_EVO_ITEMS_Response,0x3deaa5ee
C_GMCL_RECEIVE_BUNDLED_ALT_MONEY_Response,0x77ccaf74
C_GMCL_NOTIFY_ALT_MONEY_ABOUT_TO_EXPIRE_Response,0xd3e8fb7b
C_GMCL_RECEIVE_IMPROVE_REWARD_Response,0x1c477fdb
C_GMCL_RECEIVE_FASHION_SHOW_RESULT_NOTIFY_Response,0x99634f05
C_GMCL_SEND_START_EVENTPOINT_REWARD_LIST_REQ_Response,0x6367701
C_GMCL_CHECK_EVENTPOINT_EXCHANGE_REQ_Response,0x14514116
C_GMCL_GET_EVENTPOINT_REQ_Response,0xbaa6c043
C_GMCL_GET_EVENTPOINT_LIMIT_REQ_Response,0xfd9a1917
C_GMCL_EVENTPOINT_EXCHANGE_REQ_Response,0x774cbe9a
C_GMCL_GET_EVENT_MATERIAL_INFO_REQ_Response,0xfb922662
C_GMCL_GET_EVENTINFO_REQ_Response,0x1656ec80
C_GMCL_GET_EVENTPOINT_ACCUMULATION_REWARD_LIST_REQ_Response,0x65be88fb
C_GMCL_GET_EVENTPOINT_LINEUP_REQ_Response,0xe6dee58a
C_GMCL_GET_EVENT_MEDAL_CONVERT_INFO_REQ_Response,0xc94532fe
C_GMCL_GET_EVENT_GAUGE_LIMIT_LIST_REQ_Response,0x55c7838c
C_GMCL_GET_EXCHANGE_ITEM_GROUP_Response,0xcdf93d3
C_GMCL_ITEM_ADDON_FUSION_Response,0x4b149d38
C_GMCL_CLAN_BOARD_CHECK_AVAILABLE_Response,0xc3d164f
C_GMCL_CLAN_BOARD_GET_NEW_POST_TIME_Response,0x519361ed
C_GMCL_CLAN_BOARD_GET_NEW_SUBJECTS_Response,0xa6688010
C_GMCL_CLAN_BOARD_CREATE_REACTION_Response,0x46b88b52
C_GMCL_CLAN_BOARD_DELETE_REACTION_Response,0xbcf9e4bc
C_GMCL_CLAN_BOARD_UPDATE_PIN_Response,0x84eb0e98
C_GMCL_CLAN_BOARD_CREATE_SUBJECT_Response,0xb8a84ed3
C_GMCL_CLAN_BOARD_DELETE_SUBJECT_Response,0xf6fac3cd
C_GMCL_CLAN_BOARD_CREATE_COMMENT_Response,0x9d916dbd
C_GMCL_CLAN_BOARD_DELETE_COMMENT_Response,0xd3c3e0a3
C_GMCL_CLAN_BOARD_POSTRESTRICTION_NOTIFICATION_Response,0xda43f745
C_GMCL_POST_STAMP_AS_CLAN_BOARD_COMMENT_Response,0x14f40974
C_GMCL_SET_FAVORITE_CLAN_BOARD_SUBJECT_Response,0x3b4f0dcb
C_GMCL_CLAN_RANK_GET_CONDITION_REQ_Response,0xfd9b4d45
C_GMCL_CLAN_RANK_GET_REWARD_REQ_Response,0xec601c59
C_GMCL_IS_OPEN_CLAN_RANK_SEASON_REQ_Response,0xe47e8694
C_GMCL_CLAN_JOIN_TIME_REQ_Response,0xc1b53ee4
C_GMCL_CLAN_SHOP_GET_ITEM_REQ_Response,0x285a7d8c
C_GMCL_CLAN_SHOP_ITEM_BUY_REQ_Response,0xaf4c38a1
C_GMCL_GET_CLAN_ROOM_ITEM_LIST_REQ_Response,0x93a46e5c
C_GMCL_GEM_SHOP_PRODUCT_LIST_REQ_Response,0xc14548ba
C_GMCL_GEM_SHOP_BUY_REQ_Response,0xc960dbb7
C_GMCL_GET_ITEM_SPECIFIC_ANTIBUFF_Response,0x61c7a89f
C_GMCL_GEM_SHOP_SHORTCUT_REQ_Response,0x82193f48
C_GMCL_TOTAL_PURCHASE_BONUS_INFO_Response,0xb3d6b79f
C_GMCL_AVACOLLE_LIST_REQ_Response,0x37c882dd
C_GMCL_AVACOLLE_BY_ID_LIST_REQ_Response,0x91abd5b8
C_GMCL_AVACOLLE_INITIALIZE_REQ_Response,0x4dfd75db
C_GMCL_AVACOLLE_FAVORITE_REQ_Response,0xdf6111a
C_GMCL_SEND_START_AVATAR_ITEM_SHOP_PRODUCTS_REQ_Response,0x116ebce3
C_GMCL_AVATAR_ITEM_SHOP_BUY_REQ_Response,0x28511a92
C_GMCL_AVATAR_ITEM_SHOP_IS_OPEN_Response,0x262b4c4b
C_GMCL_COORDINATE_FEEL_GOOD_REQ_Response,0x686f56c9
C_GMCL_FASHION_SHOW_GET_BASIC_INFO_Response,0x5078bf86
C_GMCL_FASHION_SHOW_ENTRY_Response,0x3526b28
C_GMCL_FASHION_SHOW_GET_JUDGE_TARGETS_Response,0x3e1819f1
C_GMCL_FASHION_SHOW_VOTE_Response,0xa90dd049
C_GMCL_FASHIONSHOW_REWARD_LIST_Response,0x9ac4defd
C_GMCL_GET_DIFFMAP_BATTLEBOOST_Response,0xe82e5506
C_GMCL_GET_BATTLEBOOST_DIFFENCHANTNAME_Response,0x19440e61
C_GMCL_GET_BATTLE_BOOST_LEVEL_REQ_Response,0x70b51971
C_GMCL_GET_BATTLEBOOST_SIMPLE_LIST_REQ_Response,0x34225ccc
C_GMCL_MARK_READ_BATTLEBOOST_LEVEL_UP_Response,0x8b8f766e
C_GMCL_USE_COUPON_Response,0x79fcc90a
C_GMCL_USE_COUPON_MULTIPLE_Response,0xe0994117
C_GMCL_OPEN_ATEKUJI_Response,0xc648331f
C_GMCL_GET_COUPON_INFO_Response,0x7ada71a
C_GMCL_GET_COUPON_REWARD_INFO_Response,0x628faee0
C_GMCL_GET_COUPON_PICKUP_INFO_Response,0x6c489e15
C_GMCL_DISABLE_EAST_WEST_TEAM_DIALOG_Response,0x8715b140
C_GMCL_BUY_CLAN_SKILL_Response,0x798ec252
C_GMCL_GET_CLAN_PRIVILEGE_Response,0x89aefbcb
C_GMCL_SET_CLAN_PRIVILEGE_Response,0xb69b3bdb
C_GMCL_GET_CLAN_SKILL_Response,0xe3874d07
C_GMCL_SET_PERSISTENT_CLAN_SKILL_LEVEL_Response,0x57b6d86
C_GMCL_SET_MULTIPLE_PERSISTENT_CLAN_SKILL_LEVEL_Response,0x5182dd9f
C_GMCL_FAVORITE_ACTIVITY_Response,0xb62dab07
C_GMCL_GET_FAVORITE_ACTIVITY_Response,0xe89c9b38
C_GMCL_GET_NEXT_CLAN_LEVEL_TO_STEP_SKILL_LEVEL_Response,0xc43ccb86
C_GMCL_GET_MAX_CLAN_SKILL_LEVEL_Response,0x55f882cb
C_GMCL_GET_CONTENT_MASK_Response,0x3f4621ae
C_GMCL_GET_CONTENT_SCHEDULE_Response,0x6bc93a6a
C_GMCL_CREATE_PARTY_RECRUITMENT_Response,0x481231cc
C_GMCL_CANCEL_PARTY_RECRUITMENT_Response,0x6957afa5
C_GMCL_GET_PARTY_RECRUITMENT_BY_CUID_Response,0xdaf6edfa
C_GMCL_GET_PARTY_RECRUITMENT_BY_QUEST_UID_Response,0x23dbc78
C_GMCL_GET_PARTY_RECRUITMENT_BY_PARTY_UID_Response,0xbe130d81
C_GMCL_GET_PARTY_RECRUITMENT_QUEST_BOARD_TAB_Response,0xe5b6886c
C_GMCL_GET_PARTY_MEMBERS_Response,0x2b78d067
C_GMCL_GET_ITEM_GROUP_Response,0xb63816d7
C_GMCL_GET_BATTLE_BOARD_TAB_INFO_REQ_Response,0x1e6d7253
C_GMCL_GET_BATTLE_CARD_LIST_REQ_Response,0x9029733
C_GMCL_ACCEPT_BATTLE_CARD_REQ_Response,0xdcf9c30f
C_GMCL_GET_BATTLE_BOARD_POINT_REQ_Response,0x27bf6a01
C_GMCL_GET_BATTLE_BOARD_POINT_REWARD_LIST_REQ_Response,0xf24af760
C_GMCL_RECEIVE_BATTLE_BOARD_POINT_REWARD_REQ_Response,0xbe455403
C_GMCL_RCB_CREATE_Response,0xba369114
C_GMCL_RCB_ENTER_Response,0x4ac8be71
C_GMCL_RCB_LEAVE_Response,0x658a5c25
C_GMCL_UPDATE_RCB_GROUP_GPS_Response,0x2d25fbb4
C_GMCL_UPDATE_RCB_RENTAL_ITEM_Response,0xbb277a15
C_GMCL_EXEC_SCRIPT_REQ_Response,0xba17c272
C_GMCL_USE_LOT_BOX_Response,0x28a97d08
C_GMCL_RESET_LOT_BOX_Response,0xc0ce9f99
C_GMCL_STEP_UP_LOT_BOX_Response,0x7608aba8
C_GMCL_GET_LOT_BOX_Response,0x4dce7a41
C_GMCL_GET_BINGO_INFO_Response,0xb8ad2092
C_GMCL_GET_ITEM_GROUP_FILTERS_Response,0xede250b4
C_GMCL_SET_ITEM_ADDON_Response,0x5f9a8aa3
C_GMCL_GET_ITEM_ADDON_DETAIL_Response,0x4cae4a22
C_GMCL_GET_EXP_TABLE_Response,0x4cf4866d
C_GMCL_GET_EVOLVE_A3V2_PARAMS_Response,0xdbbc16bd
C_GMCL_GET_SKILL_GROUP_Response,0x16702a55
C_GMCL_GET_ALL_SKILL_GROUP_Response,0x54752460
C_GMCL_GET_ALT_MONEY_EFFECTIVE_IN_THE_CONTINENT_Response,0x9c1dcad6
C_GMCL_GET_STATUS_ATTRIBUTES_IN_THE_CONTINENT_Response,0xc1170bee
C_GMCL_GROW_STATUS_ATTRIBUTE_ITEM_Response,0x497884a4
C_GMCL_STATUS_ATTRIBUTE_REWARD_LIST_REQ_Response,0xe37f9882
C_GMCL_STATUS_ATTRIBUTE_REWARD_RECEIVE_REQ_Response,0xe917d105
C_GMCL_SLOT_GACHA_USE_Response,0x88a62f21
C_GMCL_CLAN_TOTAL_QUEST_MISSION_POINT_REWARD_LIST_REQ_Response,0x6d55599e
C_GMCL_EXIT_CLAN_ROOM_REQ_Response,0x82a8d564
C_GMCL_GET_CLAN_ROOM_Response,0xc168b910
C_GMCL_BEGIN_CLAN_ROOM_EDIT_Response,0xbb64c7f9
C_GMCL_WARP_TMP_CLAN_ROOM_Response,0x538cfc6e
C_GMCL_END_CLAN_ROOM_EDIT_Response,0x7ab9db57
C_GMCL_UPDATE_CLAN_ROOM_SET_Response,0x4d52558a
C_GMCL_UPDATE_CLAN_ROOM_SET_NAME_Response,0xe6c22d28
C_GMCL_GET_CLAN_ROOM_SET_Response,0xbb6c7ccf
C_GMCL_GET_CLAN_PRIVATE_DELIVERY_CONTRIBUTION_REQ_Response,0x56a14fc6
C_GMCL_GET_CLAN_DELIVERY_ITEM_INFO_LIST_REQ_Response,0x131be51a
C_GMCL_CLAN_DELIVERY_REQ_Response,0x5b15be8b
C_GMCL_ISSUE_ROOOT_TOKEN_Response,0x714fcf44
C_GMCL_GET_HAVE_EMBLEMS_Response,0x29d7488f
C_GMCL_GET_EMBLEM_SPECVALUES_Response,0x2e766b4b
C_GMCL_MOVE_TEMPORARY_EMBLEM_TO_INVENTORY_Response,0x1a8271bf
C_GMCL_SET_PROTECT_EMBLEM_Response,0x1fe2418f
C_GMCL_SELL_EMBLEMS_Response,0x414c203b
C_GMCL_MARK_EMBLEMS_AS_READ_Response,0x4983e001
C_GMCL_GET_SKILL_LEVEL_UP_GROUP_Response,0x5360fa0f
C_GMCL_GET_RAID_SRC_REQ_Response,0xeba25c8c
C_GMCL_GET_RAID_REWARD_SRC_REQ_Response,0x17678b89
C_GMCL_GET_RAID_ADD_REWARD_RECEIVED_COUNT_REQ_Response,0xdaaa83d5
C_GMCL_GET_UNREAD_RAID_RESULT_Response,0x7bebb3ad
C_GMCL_MARK_READ_RAID_RESULT_Response,0x194fc795
C_GMCL_CAN_JOIN_RAID_MATCHING_REQ_Response,0x4c5e6993
C_GMCL_RAID_MATCHING_JOIN_REQ_Response,0x1df1dff0
C_GMCL_RAID_MATCHING_LEAVE_REQ_Response,0xb3aa5769
C_GMCL_RAID_MATCHING_OK_REQ_Response,0xf12cb8ec
C_GMCL_RAID_MATCHING_MISSING_JOB_REQ_Response,0xed9f43f9
C_GMCL_RAID_MATCHING_STAMP_SEND_REQ_Response,0x1cd153cb
C_GMCL_GET_RAID_PENALTY_REQ_Response,0x2f9f808e
C_GMCL_MARK_READ_RAID_PENALTY_WARNING_REQ_Response,0x82d143b1
C_GMCL_MARK_READ_QUEST_BATTLE_NEGLECT_PENALTY_REQ_Response,0xf7cda873
S_GMCL_SYNC_TIMER_Response,0xe3525e59
S_COMMUNICATION_PING_REQ_Response,0xe837802
S_GMCL_FORCE_DISCONNECT_Response,0x8500453f
S_GMCL_CHAT_GROUP_NOTIFY_MESSAGE_Response,0x70ed71d7
S_GMCL_WARP_FINISH_Response,0x217e2502
S_GMCL_PLAY_FLASH_Response,0xb77d4b92
S_GMCL_PLAY_QUEST_TELOP_Response,0x7e7a266b
S_GMCL_CHAR_LEVEL_MODIFY_Response,0x32aa5cd9
S_GMCL_WINDOW_OPEN_Response,0xfc68dee3
S_GMCL_EXEC_SKIT_EVENT_Response,0x9ba64cd2
S_GMCL_OPEN_WEBVIEW_POPUP_Response,0xba788fed
S_GMCL_OPEN_SIMPLE_RANKING_Response,0x9187acaa
S_GMCL_PVP_BATTLE_ENTRY_CONFIRM_REQ_Response,0xdab053e4
S_GMCL_CAN_WARP_BEGIN_Response,0x5363d475
